<!--
  ~ Copyright 2010 Google Inc.
  ~
  ~ Licensed under the Apache License, Version 2.0 (the "License");
  ~ you may not use this file except in compliance with the License.
  ~ You may obtain a copy of the License at
  ~
  ~     http://www.apache.org/licenses/LICENSE-2.0
  ~
  ~ Unless required by applicable law or agreed to in writing, software
  ~ distributed under the License is distributed on an "AS IS" BASIS,
  ~ WITHOUT WARRANTIES OR CONDITIONS OF ANY KIND, either express or implied.
  ~ See the License for the specific language governing permissions and
  ~ limitations under the License.
  -->

<settings>
  <activeProfiles>
    <activeProfile>init</activeProfile>
  </activeProfiles>
  <profiles>
    <profile>
      <id>init</id>
      <pluginRepositories>
        <pluginRepository>
          <id>twdata-m2-repository</id>
          <name>twdata.org Maven 2 Repository</name>
          <url>http://twdata-m2-repository.googlecode.com/svn/</url>
        </pluginRepository>
        <pluginRepository>
          <id>scala-tools.org</id>
          <name>Scala-tools Maven2 Repository</name>
          <url>http://scala-tools.org/repo-releases</url>
        </pluginRepository>
      </pluginRepositories>
      <repositories>
        <repository>
          <id>scala-tools.org</id>
          <name>Scala-tools Maven2 Repository</name>
          <url>http://scala-tools.org/repo-releases</url>
        </repository>
      </repositories>
    </profile>
  </profiles>
</settings>
